,instance,type,k,old_p,old_r,old_f,new_p,new_r,new_f
0,1 AMC DataType Ontobuilder Dominants,GRU,0,0.003618421052631579,0.5,0.0071848465055519275,0.4963815789473684,0.5,0.4981842192142621
1,1 AMC DataType,GRU,0,0.003618421052631579,0.5,0.0071848465055519275,0.003618421052631579,0.5,0.0071848465055519275
2,1 AMC DataType Ontobuilder MWBG,GRU,0,0.003618421052631579,0.5,0.0071848465055519275,0.4963815789473684,0.5,0.4981842192142621
3,1 AMC DataType Ontobuilder Intersection,GRU,0,0.003618421052631579,0.5,0.0071848465055519275,0.4963815789473684,0.5,0.4981842192142621
