type,Unnamed: 0,k,old_p,old_r,old_f,new_p,new_r,new_f
CNN,10,0,0.003289473684210526,0.5,0.0065359477124183,0.4744053281219133,0.48188741721854295,0.3713222355085804
GRU,9,0,0.003289473684210526,0.5,0.0065359477124183,0.3006596306068602,0.5002649006622517,0.20379333065308652
